,Country,Average life expectancy (age)
3,Angola,49.01875
7,Australia,81.8125
28,Canada,81.6875
30,Central African Republic,48.5125
31,Chad,50.3875
56,France,82.21875
71,Iceland,82.44375
78,Italy,82.1875
79,Ivory Coast,50.3875
81,Japan,82.5375
91,Lesotho,48.78125
97,Malawi,49.89375
117,Nigeria,51.35625
120,Norway,81.79375
143,Sierra Leone,46.1125
152,Spain,82.06875
156,Sweden,82.51875
157,Switzerland,82.33125
181,Zimbabwe,50.4875
182,eSwatini,51.325
