,Country,Average life expectancy (age)
81,Japan,82.5375
156,Sweden,82.51875
71,Iceland,82.44375
157,Switzerland,82.33125
56,France,82.21875
78,Italy,82.1875
152,Spain,82.06875
7,Australia,81.8125
120,Norway,81.79375
28,Canada,81.6875
117,Nigeria,51.35625
182,eSwatini,51.325
181,Zimbabwe,50.4875
31,Chad,50.3875
79,Ivory Coast,50.3875
97,Malawi,49.89375
3,Angola,49.01875
91,Lesotho,48.78125
30,Central African Republic,48.5125
143,Sierra Leone,46.1125
